prov_code,prov_name,code,name,Y_2009,L_2009,Ry_2009,H_2009,Rh_2009,Pry1
11,北京,1100,北京市,12153,18598,1214.74,1880.5,686.16,0.44
12,天津,1200,天津市,7521.85,9339,4256.06,1461.4657,1675.13,0.44
13,河北,1301,  石家庄市,3001.28,29282,780.51,325.0267,385.07,0.44
13,河北,1302,  唐山市,3812.72,20617,2225.08,397.8399,303.56,0.44
13,河北,1303,  秦皇岛市,804.54,8221,443.03,191.9731,249.46,0.44
13,河北,1304,  邯郸市,2015.28,2023,557.81,180.1704,302.76,0.44
13,河北,1305,  邢台市,1056.29,51,617.07,125.6425,221.02,0.44
13,河北,1306,  保定市,1730,158,957.24,213.5035,307.17,0.44
13,河北,1307,  张家口市,800.34,38,947.5,306.9903,323.91,0.44
13,河北,1308,  承德市,760.11,37,428.35,123.4383,376.95,0.44
13,河北,1309,  沧州市,1801.23,49,2351.7,234.9903,296.98,0.44
13,河北,1310,  廊坊市,1147.48,121,905.29,609.9843,698.04,0.44
13,河北,1311,  衡水市,652.11,14,539.25,110.2138,236.45,0.44
14,山西,1401,  太原市,1545.24,7409,302.13,168.8349,247.14,0.44
14,山西,1402,  大同市,596.26,5180,402.51,56.5641,83.28,0.44
14,山西,1403,  阳泉市,348.71,2209,132.57,85.1508,56.29,0.44
14,山西,1404,  长治市,775.29,6337,225.97,108.455,100.62,0.44
14,山西,1405,  晋城市,606.05,4554,214.32,57.8935,59.99,0.44
14,山西,1406,  朔州市,561.31,1002,203.25,57.4009,62.13,0.44
14,山西,1407,  晋中市,636.81,58,336.11,73.2991,85.71,0.44
14,山西,1408,  运城市,723.01,37,450.13,171.6028,218.06,0.44
14,山西,1409,  忻州市,349.31,24,95.99,78.3197,49.58,0.44
14,山西,1410,  临汾市,766.87,74,254.09,63.0424,113.87,0.44
14,山西,1411,  吕梁市,611.56,43,176.44,43.4857,79.6,0.44
15,内蒙古,1501,  呼和浩特市,1643.99,5020,269.88,309.1,197.21,0.44
15,内蒙古,1502,  包头市,2168.8,5079,1063,517.66,287.17,0.44
15,内蒙古,1503,  乌海市,311.21,1035,155.24,80.15,38.53,0.44
15,内蒙古,1504,  赤峰市,912.89,8682,211.87,204.15,10.51,0.44
15,内蒙古,1505,  通辽市,961.39,26,502.92,95.44,174.24,0.44
15,内蒙古,1506,  鄂尔多斯市,2161,136,2056.35,356.26,883.82,0.44
15,内蒙古,1507,  呼伦贝尔市,779.27,48,2158.53,226.03,352.85,0.44
15,内蒙古,1508,  巴彦淖尔市,509.87,31,714.98,173.9,314.8,0.44
15,内蒙古,1509,  乌兰察布市,500.01,15,359.89,129.5,167.08,0.44
21,辽宁,2101,  沈阳市,4268.51,15911,2044.94,1369.31,1102.78,0.44
21,辽宁,2102,  大连市,4349.51,13245,2346.4,1093.41,1053.99,0.44
21,辽宁,2103,  鞍山市,1730.47,6681,838.44,342.52,551.44,0.44
21,辽宁,2104,  抚顺市,698.64,362,280.64,142.44,243.47,0.44
21,辽宁,2105,  本溪市,688.39,16,482.18,149.1,58.18,0.44
21,辽宁,2106,  丹东市,607.52,32,551.38,232.17,123.11,0.44
21,辽宁,2107,  锦州市,727.3,27,513.83,210.37,113.13,0.44
21,辽宁,2108,  营口市,799.48,49,539.31,325.2,823.95,0.44
21,辽宁,2109,  阜新市,287.97,5,311.8,70.76,24.37,0.44
21,辽宁,2110,  辽阳市,608.26,20,127.51,116.9,126.27,0.44
21,辽宁,2111,  盘锦市,676.87,32,542.82,145.8,144.52,0.44
21,辽宁,2112,  铁岭市,605.71,17,590.04,238.2,182.32,0.44
21,辽宁,2113,  朝阳市,518.09,39,346.06,190.03,173.26,0.44
21,辽宁,2114,  葫芦岛市,445.58,18,380.93,237.98,173.01,0.44
22,吉林,2201,  长春市,2848.56,14546,812.36,653.91,1107.47,0.44
22,吉林,2202,  吉林市,1500.48,7778,448.68,399.75,216.54,0.44
22,吉林,2203,  四平市,658.59,676,154.78,123.75,85.45,0.44
22,吉林,2204,  辽源市,336.18,11,91.1,61.92,55.31,0.44
22,吉林,2205,  通化市,518,9,106.17,117.03,73.43,0.44
22,吉林,2206,  白山市,356.63,15,115.24,66.52,79.2,0.44
22,吉林,2207,  松原市,900.83,10,213.38,100.72,55.55,0.44
22,吉林,2208,  白城市,353.36,9,88.53,22.29,28.53,0.44
23,黑龙江,2301,  哈尔滨市,3175.54,19762,9204.22,626.702,630.99,0.44
23,黑龙江,2302,  齐齐哈尔市,690.52,9627,55.62,146.7196,193.98,0.44
23,黑龙江,2303,  鸡西市,353.82,2230,51.81,35.2804,50.59,0.44
23,黑龙江,2304,  鹤岗市,202.33,8,37.43,48.7652,26.44,0.44
23,黑龙江,2305,  双鸭山市,298.51,14,50.86,24.6249,258.41,0.44
23,黑龙江,2306,  大庆市,2120,96,1393.84,281.7328,154.57,0.44
23,黑龙江,2307,  伊春市,172.46,19,7.33,43.5465,33.44,0.44
23,黑龙江,2308,  佳木斯市,432.66,14,56.51,119.5633,70.76,0.44
23,黑龙江,2309,  七台河市,233.63,19,146.57,41.7497,96.74,0.44
23,黑龙江,2310,  牡丹江市,629.28,49,296.68,139.446,271.73,0.44
23,黑龙江,2311,  黑河市,224.21,30,191.9,34.5101,105.35,0.44
23,黑龙江,2312,  绥化市,605.88,21,263.4,192.3919,102.57,0.44
31,上海,3100,上海市,15046.45,21797,1589.22,2928.04,975.82,0.44
32,江苏,3201,  南京市,4230.26,13864,1180.83,1114.0311,621.47,0.44
32,江苏,3202,  无锡市,4991.72,13480,1605.22,975.2287,965.53,0.44
32,江苏,3203,  徐州市,2390.16,14823,1202.1,492.43,599.49,0.44
32,江苏,3204,  常州市,2519.93,8896,1465.35,802.5,743.1,0.44
32,江苏,3205,  苏州市,7740.2,22398,2636.25,2011.882,1366.5,0.44
32,江苏,3206,  南通市,2872.8,169,1881.92,596.0633,972.27,0.44
32,江苏,3207,  连云港市,941.13,36,1364.51,442.31,640.78,0.44
32,江苏,3208,  淮安市,1121.75,51,1577.09,473.51,665.14,0.44
32,江苏,3209,  盐城市,1917,50,1518.98,427.2084,904.3,0.44
32,江苏,3210,  扬州市,1856.39,162,923.62,466.79,530.18,0.44
32,江苏,3211,  镇江市,1672.08,181,515.49,415.2756,163.85,0.44
32,江苏,3212,  泰州市,1660.92,55,709.32,357.01,358.06,0.44
32,江苏,3213,  宿迁市,826.85,54,1239.04,460.47,837.91,0.44
33,浙江,3301,  杭州市,5087.55,19279,1537.2,1314.4,1849.8,0.44
33,浙江,3302,  宁波市,4329.3,18276,1231.35,652,875.71,0.44
33,浙江,3303,  温州市,2527.34,15541,319.17,272.5,203.17,0.44
33,浙江,3304,  嘉兴市,1918.03,434,1271.44,548.7,642.38,0.44
33,浙江,3305,  湖州市,1101.83,432,773.12,363.5393,358.28,0.44
33,浙江,3306,  绍兴市,2375.78,460,684.68,409.3,495.41,0.44
33,浙江,3307,  金华市,1776.06,1030,782.81,379.1,286.46,0.44
33,浙江,3308,  衢州市,626.55,28,483.96,186.3,117.8,0.44
33,浙江,3309,  舟山市,535.24,61,846.06,148.23,193.85,0.44
33,浙江,3310,  台州市,2040.45,588,577.22,378.9,261.54,0.44
33,浙江,3311,  丽水市,546.55,47,232.69,107.2,100.89,0.44
34,安徽,3401,  合肥市,2102.12,9226,1308.02,1180.3324,668.03,0.44
34,安徽,3402,  芜湖市,902,3584,684.96,273.8847,331.76,0.44
34,安徽,3403,  蚌埠市,532.09,4559,319.95,163.2362,162.68,0.44
34,安徽,3404,  淮南市,508.77,3287,148.75,160.2656,193.92,0.44
34,安徽,3405,  马鞍山市,665.89,2027,168.57,105.7378,178.01,0.44
34,安徽,3406,  淮北市,371.87,2870,419.73,116.8313,100.01,0.44
34,安徽,3407,  铜陵市,343.73,1104,204.5,68.3925,228.46,0.44
34,安徽,3408,  安庆市,770.66,6494,214.78,231.4566,134.78,0.44
34,安徽,3410,  黄山市,266.92,2397,206.05,128.0403,167.99,0.44
34,安徽,3411,  滁州市,576.18,6345,719.96,192.4668,139.37,0.44
34,安徽,3412,  阜阳市,607.8,427,328.85,150.0252,107.51,0.44
34,安徽,3413,  宿州市,540.6,74,191.4,122.4723,131.73,0.44
34,安徽,3415,  六安市,584.02,44,350.84,152.4783,181.76,0.44
34,安徽,3416,  亳州市,431.93,27,251.48,63.6677,111.14,0.44
34,安徽,3417,  池州市,245.59,30,352.33,109.3243,73.37,0.44
34,安徽,3418,  宣城市,432.77,37,510.58,225.1918,180.71,0.44
35,福建,3501,  福州市,2604.04,11501,555.33,648.2762,292.08,0.44
35,福建,3502,  厦门市,1737.23,7607,299.8,401.3036,326.63,0.44
35,福建,3503,  莆田市,691.42,4823,144.22,128.2016,65.79,0.44
35,福建,3504,  三明市,800.24,4194,461.67,178.7083,152.94,0.44
35,福建,3505,  泉州市,3069.5,2647,375.18,337.2615,124.45,0.44
35,福建,3506,  漳州市,1178.01,104,731.04,257.3932,130.42,0.44
35,福建,3507,  南平市,621.65,82,196.06,146.3782,41.95,0.44
35,福建,3508,  龙岩市,824.88,66,439.91,172.6464,107.45,0.44
35,福建,3509,  宁德市,612.28,50,280.31,150.6609,76.94,0.44
36,江西,3601,  南昌市,1837.5,8991,802.39,463.6258,473.81,0.44
36,江西,3602,  景德镇市,364.03,2671,305.97,83.3963,114.28,0.44
36,江西,3603,  萍乡市,421.49,2891,136.79,64.7223,151.38,0.44
36,江西,3604,  九江市,831.36,7569,706.67,254.5751,365.66,0.44
36,江西,3605,  新余市,484.17,1919,808.55,140.1321,65.21,0.44
36,江西,3606,  鹰潭市,256.8,1813,105.36,37.7068,56.21,0.44
36,江西,3607,  赣州市,940.63,5706,606.06,317.79,296,0.44
36,江西,3608,  吉安市,584.11,41,392.45,189.0467,86.5,0.44
36,江西,3609,  宜春市,700.24,49,1165.38,218.5493,283.57,0.44
36,江西,3610,  抚州市,502.91,26,495.67,188.6881,209.41,0.44
36,江西,3611,  上饶市,728.5,42,292.91,149.8333,146.33,0.44
37,山东,3701,  济南市,3351.36,12368,915.82,404.3052,583.21,0.44
37,山东,3702,  青岛市,4853.87,16748,3208.48,1151.1482,1178.7,0.44
37,山东,3703,  淄博市,2445.28,8141,457.65,448.1496,417.59,0.44
37,山东,3704,  枣庄市,1196.04,6711,395.47,191.7172,219.55,0.44
37,山东,3705,  东营市,2058.97,4064,835.24,320.4378,478.93,0.44
37,山东,3706,  烟台市,3701.79,13873,1328.77,628.6257,937.51,0.44
37,山东,3707,  潍坊市,2707.23,17688,6207.5,766.6108,2728.99,0.44
37,山东,3708,  济宁市,2238.13,6133,866.11,259.6131,541.18,0.44
37,山东,3709,  泰安市,1715.66,35,521.15,191.0609,238.89,0.44
37,山东,3710,  威海市,1780.35,83,889.73,549.3506,548.27,0.44
37,山东,3711,  日照市,864.66,47,671.91,103.6098,346.05,0.44
37,山东,3712,  莱芜市,471.3,15,196.87,45.9801,30.88,0.44
37,山东,3713,  临沂市,2069.11,87,1297.56,372.0837,1812.29,0.44
37,山东,3714,  德州市,1476.08,33,1229.02,303.6284,422.16,0.44
37,山东,3715,  聊城市,1378.37,20,830.9,166.0276,211.69,0.44
37,山东,3716,  滨州市,1354.99,55,903.5,214.6356,181.22,0.44
37,山东,3717,  菏泽市,957.31,47,890.4,399.1885,457.79,0.44
41,河南,4101,  郑州市,3308.51,15872,547.9,1085.14,704.26,0.44
41,河南,4102,  开封市,778.72,8342,141.32,111.03,164.7,0.44
41,河南,4103,  洛阳市,2001.48,11547,443.79,356.91,239.04,0.44
41,河南,4104,  平顶山市,1127.81,8339,216.14,127.01,124.51,0.44
41,河南,4105,  安阳市,1124.88,8972,283.74,231.03,472.86,0.44
41,河南,4106,  鹤壁市,363.63,2648,227.35,58.58,77.31,0.44
41,河南,4107,  新乡市,991.98,9934,204.42,280.26,416.61,0.44
41,河南,4108,  焦作市,1071.42,6108,475.6,162.52,223.78,0.44
41,河南,4109,  濮阳市,661.63,414,167.33,106.47,73.47,0.44
41,河南,4110,  许昌市,1130.75,33,298.72,141.89,220.81,0.44
41,河南,4111,  漯河市,591.7,31,102.07,71.91,194.56,0.44
41,河南,4112,  三门峡市,702.75,44,163.39,61.59,96.03,0.44
41,河南,4113,  南阳市,1714.49,54,698.42,201.84,155.79,0.44
41,河南,4114,  商丘市,995.55,27,316.49,188.12,187.12,0.44
41,河南,4115,  信阳市,929,33,149.31,321.92,235.31,0.44
41,河南,4116,  周口市,1065.37,17,370.11,166.34,191.46,0.44
41,河南,4117,  驻马店市,900.52,17,448.69,319.72,204.95,0.44
42,湖北,4201,  武汉市,4620.86,16856,910.38,1041.39,886.44,0.44
42,湖北,4202,  黄石市,571.59,3638,333.59,92.81,62.3,0.44
42,湖北,4203,  十堰市,550.96,5654,124.5,153.1,81.05,0.44
42,湖北,4205,  宜昌市,1272.33,7351,776.71,191.95,115.53,0.44
42,湖北,4206,  襄阳市,1201.01,10138,353.24,200.51,147.11,0.44
42,湖北,4207,  鄂州市,323.71,1753,210.9,48.43,49.14,0.44
42,湖北,4208,  荆门市,600.1,34,374.62,93.83,185.58,0.44
42,湖北,4209,  孝感市,672.88,37,356.65,160.1,175.61,0.44
42,湖北,4210,  荆州市,709.58,56,315.13,117.34,99.52,0.44
42,湖北,4211,  黄冈市,730.19,38,326.05,137.14,56.55,0.44
42,湖北,4212,  咸宁市,405.15,24,328.01,99.8,196.27,0.44
42,湖北,4213,  随州市,341.91,10,219.4,77.3,37.97,0.44
43,湖南,4301,  长沙市,3744.76,12631,443.28,1357.9547,450.55,0.44
43,湖南,4302,  株洲市,1024.89,6910,109.58,374.3867,123.42,0.44
43,湖南,4303,  湘潭市,739.38,4471,181.33,160.5686,220.6,0.44
43,湖南,4304,  衡阳市,1168.01,11397,88.53,211.108,109.73,0.44
43,湖南,4305,  邵阳市,600.69,10717,145.25,85.791,90.19,0.44
43,湖南,4306,  岳阳市,1272.15,3485,278.31,157.1012,112.78,0.44
43,湖南,4307,  常德市,1239.23,54,324.6,211.6041,171.95,0.44
43,湖南,4308,  张家界市,203.1,9,21.63,54.5932,78.41,0.44
43,湖南,4309,  益阳市,591.62,29,249.99,132.5264,48.45,0.44
43,湖南,4310,  郴州市,843.23,91,188.61,116.1713,265,0.44
43,湖南,4311,  永州市,640.04,39,143.37,149.9575,85.89,0.44
43,湖南,4312,  怀化市,559.48,80,204.3,105.5382,162.67,0.44
43,湖南,4313,  娄底市,568.31,54,208.49,104.2952,59.9,0.44
44,广东,4401,  广州市,9138.21,27618,596.8,1253.6013,856.76,0.44
44,广东,4402,  韶关市,578.75,3709,284.88,213.9874,50.25,0.44
44,广东,4403,  深圳市,8201.32,30357,62.85,717.3887,37.51,0.44
44,广东,4404,  珠海市,1038.66,3721,388.15,277.7709,220.59,0.44
44,广东,4405,  汕头市,1035.87,6175,66.58,109.9478,29.19,0.44
44,广东,4406,  佛山市,4820.9,13788,532.91,711.2739,666.08,0.44
44,广东,4407,  江门市,1340.88,6763,282.79,322.4841,132.67,0.44
44,广东,4408,  湛江市,1156.67,7961,134.41,103.5814,103.88,0.44
44,广东,4409,  茂名市,1231.25,6255,99.47,155.5805,31.58,0.44
44,广东,4412,  肇庆市,862,1529,429.26,258.9978,111.16,0.44
44,广东,4413,  惠州市,1414.7,525,476.3,516.3883,631.13,0.44
44,广东,4414,  梅州市,519.29,81,106.65,91.9004,115.01,0.44
44,广东,4415,  汕尾市,390.04,44,6.16,51.115,51.27,0.44
44,广东,4416,  河源市,405.5,70,141.71,80.1464,42.97,0.44
44,广东,4417,  阳江市,527.27,70,90.45,99.1482,221.92,0.44
44,广东,4418,  清远市,861.59,119,126.64,274.7161,290.29,0.44
44,广东,4419,  东莞市,3763.91,4657,176.15,578.8245,144.8,0.44
44,广东,4420,  中山市,1566.41,1621,749.02,518.1422,721.23,0.44
44,广东,4451,  潮州市,480.18,144,22.68,81.4491,9.01,0.44
44,广东,4452,  揭阳市,816.09,130,32.18,103.7116,44.42,0.44
44,广东,4453,  云浮市,344.51,63,57.78,47.2716,61.5,0.44
45,广西,4501,  南宁市,1524.71,12372,699.38,685.08,243.22,0.44
45,广西,4502,  柳州市,1046.05,7193,273.31,249.4419,201.31,0.44
45,广西,4503,  桂林市,940.54,8342,704.52,263.4097,269.22,0.44
45,广西,4504,  梧州市,453.65,4588,139.57,90.09,106.07,0.44
45,广西,4505,  北海市,317.71,2781,513.23,168.88,199.28,0.44
45,广西,4506,  防城港市,251.04,1428,280.23,74.3926,114.34,0.44
45,广西,4507,  钦州市,396.37,421,345.21,139.781,97.19,0.44
45,广西,4508,  贵港市,437.73,48,149.76,108.51,125.04,0.44
45,广西,4509,  玉林市,683.49,65,198.84,163.54,146.53,0.44
45,广西,4510,  百色市,452.86,49,76.98,93.1,69.97,0.44
45,广西,4511,  贺州市,249.22,35,37.72,21.23,41.92,0.44
45,广西,4512,  河池市,382.77,54,121.21,55.78,35.29,0.44
45,广西,4513,  来宾市,299.36,38,112.63,60.14,34.77,0.44
45,广西,4514,  崇左市,304.36,25,239.21,74.99,87.56,0.44
46,海南,4601,  海口市,489.55,2989,125.57,182.294,152.76,0.44
46,海南,4602,  三亚市,173.32,1213,85.61,113.8018,53.71,0.44
50,重庆,5000,重庆市,6530.01,22383,2258.34,3771.2236,1850.22,0.44
51,四川,5101,  成都市,4502.6,27164,2723.1,2549.63,1082.05,0.44
51,四川,5103,  自贡市,541.05,4465,150.71,154.86,125.29,0.44
51,四川,5104,  攀枝花市,424.08,2083,237.87,68.23,89.72,0.44
51,四川,5105,  泸州市,587.6,6765,252.36,273.77,180.29,0.44
51,四川,5106,  德阳市,779.89,7062,410.91,197.71,157.88,0.44
51,四川,5107,  绵阳市,820.17,8935,556.05,249.67,200.46,0.44
51,四川,5108,  广元市,270.48,4744,186.54,73.4,116.49,0.44
51,四川,5109,  遂宁市,412.07,3417,285.41,229.26,148.38,0.44
51,四川,5110,  内江市,560.88,37,164.54,228.1,31.68,0.44
51,四川,5111,  乐山市,619.02,43,532.25,179.04,115.53,0.44
51,四川,5113,  南充市,686.28,53,224.47,230.67,233.84,0.44
51,四川,5114,  眉山市,465.33,28,382.3,180.66,182.04,0.44
51,四川,5115,  宜宾市,720.78,86,164.07,183.14,113.86,0.44
51,四川,5116,  广安市,450.34,44,205.52,160.58,61.11,0.44
51,四川,5117,  达州市,682.73,35,154.93,256.49,85.05,0.44
51,四川,5118,  雅安市,239.61,25,122.62,34.79,28.41,0.44
51,四川,5119,  巴中市,238.32,13,4.58,69.98,4.22,0.44
51,四川,5120,  资阳市,534.51,25,121.43,209.02,269,0.44
52,贵州,5201,  贵阳市,971.94,6992,346.69,760.39,378.97,0.44
52,贵州,5202,  六盘水市,430.16,4427,300.63,123.74,48.35,0.44
52,贵州,5203,  遵义市,777.64,10396,100.24,158.18,216.07,0.44
52,贵州,5204,  安顺市,195.7,1437,43.49,76.43,53.33,0.44
53,云南,5301,  昆明市,1808.65,13784,836.3,751.2,692.94,0.44
53,云南,5303,  曲靖市,870.94,11214,845.67,152.87,372.44,0.44
53,云南,5304,  玉溪市,644.4,4519,248.91,154.35,74.1,0.44
53,云南,5305,  保山市,221.65,4900,148.92,52.94,71,0.44
53,云南,5306,  昭通市,320.45,4415,38.87,96.74,13.28,0.44
53,云南,5307,  丽江市,120.67,58,28.21,54.8,49.14,0.44
53,云南,5308,  普洱市,211.7,51,181.67,64.18,65.7,0.44
53,云南,5309,  临沧市,181.33,33,56.38,44.7,76.69,0.44
61,陕西,6101,  西安市,2724.08,16551,260.55,1202.1163,434.45,0.44
61,陕西,6102,  铜川市,155.86,1420,153.4,35.8864,48.36,0.44
61,陕西,6103,  宝鸡市,806.56,6732,297.73,140.7626,115.67,0.44
61,陕西,6104,  咸阳市,873.2,4990,540.89,125.624,129.18,0.44
61,陕西,6105,  渭南市,655.5,63,351.15,94.3968,47.14,0.44
61,陕西,6106,  延安市,728.26,47,164.07,38.7051,86.43,0.44
61,陕西,6107,  汉中市,415.64,32,68.82,140.7788,66.35,0.44
61,陕西,6108,  榆林市,1302.31,47,276.19,78.6699,61.32,0.44
61,陕西,6109,  安康市,274.95,28,56.35,95.3614,37.63,0.44
61,陕西,6110,  商洛市,225.12,13,91.08,27.2571,21.1,0.44
62,甘肃,6201,  兰州市,925.98,6814,353.86,221.96,251.46,0.44
62,甘肃,6202,  嘉峪关市,160.05,450,6775.75,95.4202,3.55,0.44
62,甘肃,6203,  金昌市,194.75,867,54.94,34.7842,26.19,0.44
62,甘肃,6204,  白银市,265.33,3090,118.64,46.7203,40.06,0.44
62,甘肃,6205,  天水市,260,5705,52.07,52.7976,47.68,0.44
62,甘肃,6206,  武威市,192.79,2218,55.53,10.8038,30.99,0.44
62,甘肃,6207,  张掖市,192.08,9,290.61,34.3086,72.61,0.44
62,甘肃,6208,  平凉市,195.66,16,98.02,53.8961,40.41,0.44
62,甘肃,6209,  酒泉市,321.05,32,148.64,37.3872,51.23,0.44
62,甘肃,6210,  庆阳市,302.22,6,44.26,29.7532,36.81,0.44
62,甘肃,6211,  定西市,131.94,19,100.01,27.3088,42.61,0.44
62,甘肃,6212,  陇南市,142.34,29,9.82,7.485,20.2,0.44
63,青海,6301,  西宁市,501.07,4227,91.03,148.08,178.42,0.44
64,宁夏,6401,  银川市,578.15,4519,701.57,442.97,433.8,0.44
64,宁夏,6402,  石嘴山市,270.78,845,99.81,69.1,115.87,0.44
64,宁夏,6403,  吴忠市,185.89,14,98.18,96.65,97.78,0.44
64,宁夏,6404,  固原市,87.93,6,30.11,33,32.55,0.44
64,宁夏,6405,  中卫市,142.98,18,204.65,36.31,85.68,0.44
65,新疆,6501,  乌鲁木齐市,1094.52,5802,251.25,505.57,305.98,0.44
65,新疆,6502,  克拉玛依市,480.29,865,75.7,43.1,67.51,0.44
